{
    "ResNet": 0.6526772975921631,
    "YOLO": 0.2934825122356415,
    "Handcrafted": 0.05384019389748573
}