{
    "accuracy": 0.5633333333333334,
    "precision": 0.5668985547982104,
    "recall": 0.5633333333333334,
    "f1_score": 0.5647692082474691
}