{
    "Dark": 0.7859000000000002,
    "Normal": 0.7100000000000001,
    "Bright": 0.63885
}